post_id,brand,raw_product_name,extracted_name,extracted_price,status
M.1781407692.A.2B4,7-11,：49\n        \n(區域型商品請註明 試吃試用品請標示價格0元),49,,garbage
M.1781513593.A.EDA,全家,：厚奶拿鐵/酷碰券特大杯59\n\nhttps://i.imgur.com/4PVYtVB.jpeg\n\n+49加購造型燈箱,厚奶拿鐵酷碰券特大杯,59,ok
M.1781699711.A.BD0,7-11,：乖乖玉米脆條 玉米濃湯口味 / 30元,乖乖玉米脆條玉米濃湯,30,ok
M.1781775903.A.26F,全家,：蜜桃颶風蛋糕/45\n\n(區域型商品請註明 試吃試用品請標示價格0元),蜜桃颶風蛋糕,45,ok
M.1781802113.A.DBC,7-11,：芋頭牛奶霜淇淋 49 ibon票券優惠買一送一\n\n(區域型商品請註明 試吃試用品請標示價格0元),芋頭牛奶霜淇淋49ibon票券一,,garbage
M.1781877949.A.479,全家,：詹姆士香蒜胡椒肉骨茶泡麵 79元,詹姆士香蒜胡椒肉骨茶泡麵,79,ok
M.1781959644.A.C2D,7-11,：焦糖布蕾馬卡龍/$59\n        \n(區域型商品請註明 試吃試用品請標示價格0元),焦糖布蕾馬卡龍,59,ok
M.1781969433.A.C82,7-11,：金沙滷肉粽香風味新極大飯糰/55\n        \n(區域型商品請註明 試吃試用品請標示價格0元),金沙滷肉粽香風味新極大飯糰,55,ok
M.1782300731.A.7D5,全家,：醇黑可可波蘿奶酥/39\n        \n(區域型商品請註明 試吃試用品請標示價格0元),醇黑可可波蘿奶酥,39,ok
M.1782370689.A.C3D,全家,：義式蛋蛋青醬鮪魚冷義大利麵\n原價79，領優惠券買63,義式蛋蛋青醬鮪魚冷義大利麵,63,ok
M.1780420104.A.0B2,全家,：BBQ 韓式柚子冰茶/$38,BBQ韓式柚子冰茶,38,ok
M.1780643908.A.6ED,7-11,：抹茶紅豆布蕾/$49,抹茶紅豆布蕾,49,ok
M.1780726808.A.BB1,全家,： 滿餡麵包 香濃花生/39\n        \n(區域型商品請註明 試吃試用品請標示價格0元),滿餡麵包香濃花生,39,ok
M.1780747526.A.231,萊爾富,：樂法 葡萄水 $29\n        \n(區域型商品請註明 試吃試用品請標示價格0元),樂法葡萄水,29,ok
M.1780835164.A.37F,7-11,：,,,empty
M.1780985749.A.DEF,萊爾富,：樂法 金桔/檸檬咖啡\n        \n(區域型商品請註明 試吃試用品請標示價格0元),樂法金桔檸檬咖啡,,garbage
M.1781065583.A.1DF,全家,：焦糖拿鐵烤雞細扁麵 99元\n        \n(區域型商品請註明 試吃試用品請標示價格0元),焦糖拿鐵烤雞細扁麵,99,ok
M.1781108334.A.3BE,全家,：韓式燒肉拌飯/$95,韓式燒肉拌飯,95,ok
M.1781145441.A.5DD,7-11,：\n大大大香辣鹹酥雞/59\n兩件88元,大大大香辣鹹酥雞,59,ok
M.1781174988.A.014,7-11,：拿坡里風味肉球義大利麵(含牛肉)/99元\n        \n(區域型商品請註明 試吃試用品請標示價格0元),拿坡里風味肉球義大利麵,99,ok
M.1781240311.A.BA8,萊爾富,：\n喜勒焦糖烤布丁膩/45元\n（目前有活動2個60元）\n刷聯邦信用卡再打折,喜勒焦糖烤布丁膩,45,ok
M.1781265261.A.D4E,全家,：芋泥Q皮半月燒 49元（友善35）,芋泥Q皮半月燒,49,ok
M.1781314003.A.449,全家,：莊園牛奶霜淇淋49\n取件優惠買一送一,莊園牛奶霜淇淋,49,ok
M.1781364359.A.6DB,全家,：藤椒雞丁炒飯/$95,藤椒雞丁炒飯,95,ok
M.1779774854.A.D9B,全家,"：日式胡麻雞絲冷麵85, 配御茶園99",日式胡麻雞絲冷麵,85,ok
M.1779774854.A.D9B,全家,"：日式胡麻雞絲冷麵85, 配御茶園99",配御茶園,99,ok
M.1779819009.A.5A1,7-11,：日東紅茶 皇家奶茶\n        \n(區域型商品請註明 試吃試用品請標示價格0元),日東紅茶皇家奶茶,,garbage
M.1779890653.A.577,全家,：\n        \n(區域型商品請註明 試吃試用品請標示價格0元),,,empty
M.1779905821.A.B0B,全家,：鮮橙茉綠/$35,鮮橙茉綠,35,ok
M.1779940416.A.A0A,7-11,：乖乖玉米脆條-蘋果牛奶、木瓜牛奶雙風味 / 35元 (目前第二件6折),乖乖玉米脆條蘋果牛奶、木瓜牛奶雙風味,35,ok
M.1779963076.A.371,全家,：番茄起司手工千層麵 / 109,番茄起司手工千層麵,109,ok
M.1779963379.A.0E1,7-11,：\n抹茶紅豆串糰子 38\n和風蕨餅小盛 49,抹茶紅豆串糰子,38,ok
M.1779963379.A.0E1,7-11,：\n抹茶紅豆串糰子 38\n和風蕨餅小盛 49,和風蕨餅小盛,49,ok
M.1780216889.A.978,全家,： 經典總匯三明治/45\n        \n(區域型商品請註明 試吃試用品請標示價格0元),經典總匯三明治,45,ok
M.1780233212.A.A43,7-11,：\n89,89,,garbage
M.1780287837.A.BA8,7-11,：嘉義崇文白醋涼麵 / 65,嘉義崇文白醋涼麵,65,ok
M.1780317879.A.721,全家,：嘉義崇文白醋涼麵 / 65\n\n: 【便利商店/廠商名稱】：全家\n\n: 【規格/內容物/熱量】：如附圖\n\n: 【評分】：75\n\n:\n\n: 【,嘉義崇文白醋涼麵,65,ok
M.1780317879.A.721,全家,：嘉義崇文白醋涼麵 / 65\n\n: 【便利商店/廠商名稱】：全家\n\n: 【規格/內容物/熱量】：如附圖\n\n: 【評分】：75\n\n:\n\n: 【,近期在threads上這款涼麵很紅大家都說很而且一定要買的,71,ok
M.1780374511.A.D0D,全家,：覆盆莓榛果可可三明治/39\n        \n(區域型商品請註明 試吃試用品請標示價格0元),覆盆莓榛果可可三明治,39,ok
M.1780395611.A.A91,萊爾富,：芭樂、金桔咖啡/45$,芭樂、金桔咖啡,45,ok
M.1780402871.A.074,全家,：乖乖食堂 台酒花雕雞麵,乖乖食堂台酒花雕雞麵,,garbage
M.1779344011.A.322,全家,：健身G肉餐盒 /99元\n        (區域型商品請註明 試吃試用品請標示價格0元),健身G肉餐盒,99,ok
M.1779357200.A.7A0,全家,：濃厚鮮乳布丁/40$,濃厚鮮乳布丁,40,ok
M.1779373616.A.69E,7-11,：阜杭豆漿饅頭夾豬排蛋/69,阜杭豆漿饅頭夾豬排蛋,69,ok
M.1779373868.A.43A,7-11,：鮮蝦明太子冷義大利麵/89\n        \n(區域型商品請註明 試吃試用品請標示價格0元),鮮蝦明太子冷義大利麵,89,ok
M.1779374312.A.C5D,7-11,：優菓甜坊可可玉米片奶酪/40\n        \n(區域型商品請註明 試吃試用品請標示價格0元),優菓甜坊可可玉米片奶酪,40,ok
M.1779422438.A.930,全家,：一度贊蒜味豚骨麵59\n蒜香綜合滷味49\n深夜食堂優惠-10元,一度贊蒜味豚骨麵,59,ok
M.1779422438.A.930,全家,：一度贊蒜味豚骨麵59\n蒜香綜合滷味49\n深夜食堂優惠-10元,蒜香綜合滷味,49,ok
M.1779425829.A.5F1,萊爾富,：\n     台式海陸炒麵，89元（刷聯邦信用卡可再折5%）,台式海陸炒麵,89,ok
M.1779441216.A.F2D,全家,：大冰特濃拿鐵65元/可可脆皮泡芙半價23元,大冰特濃拿鐵,65,ok
M.1779441216.A.F2D,全家,：大冰特濃拿鐵65元/可可脆皮泡芙半價23元,可可脆皮泡芙半價,23,ok
M.1779541797.A.931,7-11,：多力多滋 芥末口味玉米片/ 50元\n        \n(區域型商品請註明 試吃試用品請標示價格0元),多力多滋芥末玉米片,50,ok
M.1779597257.A.F4A,全家,：法式蕈菇起司雞排飯糰/62\n        \n(區域型商品請註明 試吃試用品請標示價格0元),法式蕈菇起司雞排飯糰,62,ok
M.1779600923.A.991,7-11,：\n        \n 7-11 美福 米其林1星米香餐廳 三杯雞燴飯 \n/ 99元 (i珍食 64元 ),美福米其林1星米香餐廳雞燴飯,99,ok
M.1779628958.A.1CB,7-11,：潮粵坊鴨肉捲餅/79\n        \n(區域型商品請註明 試吃試用品請標示價格0元),潮粵坊鴨肉捲餅,79,ok
M.1779631192.A.AC3,全家,：媽媽煮藝 蒜香綜合滷味49/香蒜胡椒肉骨茶麵79,媽媽煮藝蒜香綜合滷味,49,ok
M.1779631192.A.AC3,全家,：媽媽煮藝 蒜香綜合滷味49/香蒜胡椒肉骨茶麵79,香蒜胡椒肉骨茶麵,79,ok
M.1779681926.A.F52,全家,：蔬活腿排補力餐盒 /119\n        \n(區域型商品請註明 試吃試用品請標示價格0元),蔬活腿排補力餐盒,119,ok
M.1779769103.A.46A,全家,：冰心乳酪條/42\n        \n(區域型商品請註明 試吃試用品請標示價格0元),冰心乳酪條,42,ok
M.1778802633.A.CF9,全家,：紅豆燕麥麵包/檸檬燕麥豆漿餐包，都39$,紅豆燕麥麵包檸檬燕麥豆漿餐包都,39,ok
M.1778816435.A.2FF,全家,：綿蜜雪花蛋糕/35\n        \n(區域型商品請註明 試吃試用品請標示價格0元),綿蜜雪花蛋糕,35,ok
M.1778839825.A.DA2,7-11,：綠寶石葡萄三明治/79$,綠寶石葡萄三明治,79,ok
M.1778845680.A.C5D,7-11,：\n 懷舊滷雙拼便當 99元,懷舊滷雙拼便當,99,ok
M.1778851038.A.C8A,全家,：消費滿199+69元,消費滿,,garbage
M.1778861808.A.A39,7-11,：玉米起司蛋餅/55,玉米起司蛋餅,55,ok
M.1778931190.A.0A9,萊爾富,：\n泰式奶茶 + 多利多茲 爆脆捲爆蒜濃蝦口味  (特價 39 / 40),泰式奶茶多利多茲爆脆捲爆蒜濃蝦口味,,garbage
M.1778946836.A.D07,萊爾富,：\n\n官方叫 生乳你個布丁\n\n拜託萊爾富公關你腦子清醒一點\n\n香蕉你個芭樂 1988 最佳損友的熱門梗\n\n牛頭帆都過世了還在玩?\n\n超過六年,官方叫生乳你個布丁拜託公關你腦子清醒一點香蕉你個芭樂1988最佳損友的熱門梗牛頭帆都過世了還在玩超過六年級生大概看不懂老老實實弄個日文風不好嗎反正玩意就是日本傳來的,,garbage
M.1779023704.A.C1A,7-11,：\n\n台式炒麵 /89,台式炒麵,89,ok
M.1779078653.A.DB6,全家,： 鮮乳坊 綿乳杯子蛋糕/39\n        \n(區域型商品請註明 試吃試用品請標示價格0元),鮮乳坊綿乳杯子蛋糕,39,ok
M.1779098572.A.2A7,7-11,：檸檬卡士達綜合水果三明治/65$,檸檬卡士達綜合水果三明治,65,ok
M.1779189234.A.2DB,其他,：多力多滋爆脆捲/促銷價40元\n        \n(區域型商品請註明 試吃試用品請標示價格0元),多力多滋爆脆捲價,40,ok
M.1778326901.A.3A0,全家,：桃氣奶霜蛋糕/49$,桃氣奶霜蛋糕,49,ok
M.1778332077.A.46C,全家,無敵家蔥蔥玉子拌麵 / 99,無敵家蔥蔥玉子拌麵,99,ok
M.1778335884.A.62A,全家,： 鐵道滷排便當 / $99,鐵道滷排便當,99,ok
M.1778398222.A.F21,全家,：,,,empty
M.1778498191.A.E41,全家,：牧場直送4.0花生牛奶雪糕 40 優惠券買一送一\n        \n(區域型商品請註明 試吃試用品請標示價格0元),牧場直送,40,ok
M.1778498191.A.E41,全家,：牧場直送4.0花生牛奶雪糕 40 優惠券買一送一\n        \n(區域型商品請註明 試吃試用品請標示價格0元),花生牛奶雪糕,40,ok
M.1778545603.A.998,7-11,：茶裏王 正山小種/39元\n        \n(區域型商品請註明 試吃試用品請標示價格0元),茶裏王正山小種,39,ok
M.1778570182.A.7E1,7-11,：紅豆丹麥吐司\n        \n(區域型商品請註明 試吃試用品請標示價格0元),紅豆丹麥吐司,,garbage
M.1778591362.A.765,7-11,：\n7-11 猋師傅重量級饗宴大大大雞排 / 原價99元 特價66元,猋師傅重量級饗宴大大大雞排,66,ok
M.1778671237.A.AE3,全家,：\n全家 FamilyMart x 大埔鐵板燒 爆炒雞丁飯 / $99,x大埔鐵板燒爆炒雞丁飯,99,ok
M.1778671651.A.13E,7-11,：港式叉燒油雞雙寶飯 $109\n\n(區域型商品請註明 試吃試用品請標示價格0元),港式叉燒油雞雙寶飯,109,ok
M.1778688997.A.D89,全家,：多力多滋爆脆捲爆蒜濃蝦口味玉米捲\n/40元\n\n        \n(區域型商品請註明 試吃試用品請標示價格0元),多力多滋爆脆捲爆蒜濃蝦玉米捲,40,ok
M.1778711367.A.453,7-11,：\n(區域型商品請註明 試吃試用品請標示價格0元)\n\n鴨肉捲餅：79元\n京醬肉絲飯糰：45元,鴨肉捲餅,79,ok
M.1778711367.A.453,7-11,：\n(區域型商品請註明 試吃試用品請標示價格0元)\n\n鴨肉捲餅：79元\n京醬肉絲飯糰：45元,京醬肉絲飯糰,45,ok
M.1778738488.A.4AF,7-11,：新品促銷期間一瓶35元\n        \n(區域型商品請註明 試吃試用品請標示價格0元),期間,35,ok
M.1778745065.A.BF9,7-11,：BF薄荷岩鹽檸檬糖/35,BF薄荷岩鹽檸檬糖,35,ok
M.1778748512.A.61D,全家,：巧酥餅乾泡芙/$49\n\n        \n(區域型商品請註明 試吃試用品請標示價格0元),巧酥餅乾泡芙,49,ok
M.1777705033.A.7A2,全家,：\n貝納頌 (警告!!) 茶韻拿鐵 特價39,貝納頌茶韻拿鐵,39,ok
M.1777784320.A.A01,7-11,：泰式奶茶霜淇淋/49元\n~5/5 5康康任兩件55元,泰式奶茶霜淇淋,49,ok
M.1777784320.A.A01,7-11,：泰式奶茶霜淇淋/49元\n~5/5 5康康任兩件55元,555康康任,55,ok
M.1777800924.A.99F,7-11,：\n雙腸大亨堡   75,雙腸大亨堡,75,ok
M.1777872784.A.E01,全家,：茉莉茶園 紅柚淺焙  $28元（嚐鮮價）,茉莉茶園紅柚淺焙,28,ok
M.1777893021.A.2B4,全家,：「泰式奶茶x起司蛋糕霜淇淋 兩支55元,「泰式奶茶起司蛋糕霜淇淋,55,ok
M.1777896571.A.455,全家,：泰式奶茶霜淇淋 兩支55\n        \n(區域型商品請註明 試吃試用品請標示價格0元),泰式奶茶霜淇淋,55,ok
M.1777962834.A.ADB,全家,：\n   健康志向x船井生醫 玉米鬚茶\n   健康志向x船井生醫 纖維粉米米花經典湖鹽\n   兩件合購價59,兩件合購價,59,ok
M.1777969538.A.D38,7-11,：鹽烤麻辣雞心 / 55\n\n(區域型商品請註明 試吃試用品請標示價格0元),鹽烤麻辣雞心,55,ok
M.1778036544.A.530,全家,：單品拿鐵(中)90\n提拉米蘇半價25,單品拿鐵,90,ok
M.1778036544.A.530,全家,：單品拿鐵(中)90\n提拉米蘇半價25,提拉米蘇,25,ok
M.1778038540.A.9E9,全家,：好多蛋59$/鮪魚起司溏心蛋45$\n第二件六折,好多蛋,59,ok
M.1778038540.A.9E9,全家,：好多蛋59$/鮪魚起司溏心蛋45$\n第二件六折,鮪魚起司溏心蛋,45,ok
M.1778050717.A.6A8,全家,：\n貝納頌 蜜香堅果風味    35元,貝納頌蜜香堅果風味,35,ok
M.1778295011.A.501,7-11,：草莓夾心麵包/25,草莓夾心麵包,25,ok
M.1778297822.A.515,全家,：嫩烤香料雞胸排蔬滿盒/129\n        \n(區域型商品請註明 試吃試用品請標示價格0元),嫩烤香料雞胸排蔬滿盒,129,ok
M.1778306112.A.22E,7-11,：柱侯牛腱飯 109元,柱侯牛腱飯,109,ok
M.1777422259.A.87A,全家,：FMC系列商品三件+59元加購,FMC系列商品,59,ok
M.1777430896.A.257,7-11,：阜杭豆漿 饅頭夾豬排蛋 69元\n(現在有1點OP+62)\n        \n(區域型商品請註明 試吃試用品請標示價格0元),阜杭豆漿饅頭夾豬排蛋,69,ok
M.1777436690.A.C51,全家,：99\n        \n(區域型商品請註明 試吃試用品請標示價格0元),99,,garbage
M.1777459197.A.BAF,全家,：山葵生鮪魚泥脆卷/42,山葵生鮪魚泥脆卷,42,ok
M.1777525415.A.08A,7-11,：十六茶 水果茶 / $35\n  (區域型商品請註明 試吃試用品請標示價格0元),十六茶水果茶,35,ok
M.1777534800.A.3CA,全家,：抹茶菠蘿/45,抹茶菠蘿,45,ok
M.1777555070.A.1FD,7-11,：青醬蛤蜊義大利麵 $89,青醬蛤蜊義大利麵,89,ok
M.1777555445.A.FEA,全家,：\n\n全家滿滿高麗菜豆芽鐵板麵\n\n原價99元\nAPP優惠券60元,滿滿高麗菜豆芽鐵板麵,99,ok
M.1777555445.A.FEA,全家,：\n\n全家滿滿高麗菜豆芽鐵板麵\n\n原價99元\nAPP優惠券60元,APP券,60,ok
M.1777566232.A.E88,萊爾富,：椒麻雞飯109元/即期品76\n        \n(區域型商品請註明 試吃試用品請標示價格0元),椒麻雞飯,109,ok
M.1777566232.A.E88,萊爾富,：椒麻雞飯109元/即期品76\n        \n(區域型商品請註明 試吃試用品請標示價格0元),即期品,76,ok
M.1777567777.A.4F4,全家,： 鮮乳坊 莊園鮮乳雞蛋布丁  嘗鮮價 $49,鮮乳坊莊園鮮乳雞蛋布丁嘗鮮價,49,ok
M.1777608345.A.AB2,7-11,：\n89\nOP+1 79,OP,179,ok
M.1777613273.A.0BF,全家,：黑胡椒豬肉炒麵麵包\n\n原價65 app優惠券39,黑胡椒豬肉炒麵麵包,39,ok
M.1777628609.A.A2D,全家,：直立式發光招牌吊飾\n消費滿688送的,直立式發光招牌吊飾消費的,,garbage
M.1777637615.A.CFB,全家,：全家場景積木 鹼性離子水款 加購價59元,場景積木鹼性離子水款價,59,ok
M.1776688011.A.F8B,7-11,：\n49,49,,garbage
M.1776751927.A.6B2,萊爾富,：77乳加星球含餡巧克力,77乳加星球含餡巧克力,,garbage
M.1776860735.A.7C1,全家,：醬油生鮭脆卷/42,醬油生鮭脆卷,42,ok
M.1776875330.A.1F5,全家,：老酒花雕雞風味杯麵/39\n        \n(區域型商品請註明 試吃試用品請標示價格0元),老酒花雕雞風味杯麵,39,ok
M.1776909205.A.C10,全家,：蜜桃山茶花金萱奶蓋雪糕49\n買三支可以抽抽樂,蜜桃山茶花金萱奶蓋雪糕,49,ok
M.1777024333.A.A9D,全家,：黃金起司蛋捲燒/55,黃金起司蛋捲燒,55,ok
M.1777088013.A.124,全家,：\n白熊冰淇淋/青檸紅茶馬卡龍\n119/49,白熊冰淇淋青檸紅茶馬卡龍11,,garbage
M.1777091929.A.D2A,7-11,：香烤魚排青醬燉飯/109x.65\n        \n(區域型商品請註明 試吃試用品請標示價格0元),香烤魚排青醬燉飯109x,65,ok
M.1777273813.A.723,全家,：魔王愛吃辣雞堡/65,魔王愛吃辣雞堡,65,ok
M.1777274884.A.DFA,全家,：紅心芭樂/$38\n        \n(區域型商品請註明 試吃試用品請標示價格0元),紅心芭樂,38,ok
M.1777302503.A.42F,7-11,：私房功夫菜 乾鍋雞便當/$109,私房功夫菜乾鍋雞便當,109,ok
M.1777307327.A.215,全家,大醇豆無加糖黑豆漿,大醇豆無加糖黑豆漿,,garbage
M.1777359511.A.B3E,7-11,：\n\n\n酷聖霜\n \n野莓馬卡龍\n 59元\n\n\nhttps://www.elle.com/tw/life/hot-news/g71146375/,酷聖霜野莓馬卡龍711x酷洛米酷聖霜全新「野莓馬卡龍」口味酷聖霜霜淇淋也同步推出全新「野莓馬卡龍」口味將經典綜合莓果結合法式馬卡龍元素打造酸甜清新的層次風味搭配鮮乳基底的濃郁奶香口感細緻滑順彷彿在吃一顆真正的馬卡龍415至512期間購買「雪淋霜」或「酷聖霜」霜淇淋任2支即贈「KUROMI書籤」1個數量有限送完為止,,garbage
M.1775663147.A.4E2,全家,：日式甜醬油、山葵風味霜淇淋 綜合/ 49,日式甜醬油、山葵風味霜淇淋綜合,49,ok
M.1775702718.A.4E4,全家,：香草卡士達甜甜圈/$49\n        \n(區域型商品請註明 試吃試用品請標示價格0元),香草卡士達甜甜圈,49,ok
M.1775790944.A.ADF,OK,：燻雞起司米披薩卷/79X0.7\n        \n(區域型商品請註明 試吃試用品請標示價格0元),燻雞起司米披薩卷79X,,garbage
M.1775923616.A.21D,全家,： 一顆布丁捲蛋糕  $49,布丁捲蛋糕,49,ok
M.1776014133.A.E00,全家,：夏茉紅心芭樂/$38\n        \n(區域型商品請註明 試吃試用品請標示價格0元),夏茉紅心芭樂,38,ok
M.1776058047.A.4CC,全家,：抹茶QQ蛋糕捲/$55\n        \n(區域型商品請註明 試吃試用品請標示價格0元),抹茶QQ蛋糕捲,55,ok
M.1776225558.A.E27,7-11,：\n\n7-11 純喫茶 金萱青茶(無糖)\n\nhttps://i.mopix.cc/wWyqqQ.jpg\n\n\n\n650ML 原價$35 目前特價$,純喫茶金萱青茶,29,ok
M.1776236612.A.38C,7-11,：檸檬繽球西西里／嚐鮮價59$ （原價75$）\n        \n(區域型商品請註明 試吃試用品請標示價格0元),檸檬繽球西西里嚐鮮價,59,ok
M.1776335202.A.EAE,全家,"：\n        \n 特價29, 原價89\n\n\nhttps://meee.com.tw/JEM1ZVe",29,89,ok
M.1776476351.A.0BA,萊爾富,：巧克力花生三明治 /49x0.7\n        \n(區域型商品請註明 試吃試用品請標示價格0元),巧克力花生三明治49x,,garbage
M.1776509174.A.773,全家,：全家霜淇淋 起司+咖啡口味\n應該是之前用剩的口味 口味表示是用手寫呈現\n\n(區域型商品請註明 試吃試用品請標示價格0元),霜淇淋起司咖啡口味應該是之前用剩的口味口味表示是用手寫呈現,,garbage
M.1776681103.A.7FE,7-11,：\n鹽蔥生鮭飯糰52\n柚檸海灣貝飯糰49,鹽蔥生鮭飯糰,52,ok
M.1776681103.A.7FE,7-11,：\n鹽蔥生鮭飯糰52\n柚檸海灣貝飯糰49,柚檸海灣貝飯糰,49,ok
M.1775042974.A.CEA,萊爾富,：恐龍巧克力歐蕾 特價20\n        \n(區域型商品請註明 試吃試用品請標示價格0元),恐龍巧克力歐蕾,20,ok
M.1775058385.A.6ED,7-11,： 火腿起司蛋 凱薩堡 （限定販售）$69,火腿起司蛋凱薩堡,69,ok
M.1775109280.A.263,7-11,：iseLect 嚴選素材經典拿鐵咖啡 / 30元(特價2件45元)\n        \n(區域型商品請註明 試吃試用品請標示價格0元),iseLect嚴選素材經典拿鐵咖啡,30,ok
M.1775150871.A.412,7-11,：星級饗宴 柱侯牛腱飯 109元,星級饗宴柱侯牛腱飯,109,ok
M.1775179603.A.9D1,全家,：厚豆腐蛋白蕈菇豬肉堡 搭配 光泉優質蛋白巧克力牛乳 69元,厚豆腐蛋白蕈菇豬肉堡,69,ok
M.1775216611.A.30D,7-11,：\n249\n最近扣100,最近扣,100,ok
M.1775306800.A.D4D,7-11,：\n39,39,,garbage
M.1775476246.A.4C1,7-11,：\n35\n2包55,352包,,garbage
M.1775492006.A.16F,全家,：開心果霜淇淋/ 5支$188\n        \n(區域型商品請註明 試吃試用品請標示價格0元),開心果霜淇淋,188,ok
M.1775565080.A.452,7-11,：\n49,49,,garbage
M.1774545548.A.0BB,全家,：藍莓乳酪貝果 $39,藍莓乳酪貝果,39,ok
M.1774666613.A.F18,7-11,：\n    芬達汽水 葡萄口味 / 一件 $27、兩件 $49\n                        (當下沒有記得很明確，好樣是這個價),芬達汽水葡萄一件,27,ok
M.1774666613.A.F18,7-11,：\n    芬達汽水 葡萄口味 / 一件 $27、兩件 $49\n                        (當下沒有記得很明確，好樣是這個價),兩件,49,ok
M.1774869723.A.EA6,全家,：牛奶珈琲65元 / 黑糖牛奶珈琲65元,牛奶珈琲,65,ok
M.1774869723.A.EA6,全家,：牛奶珈琲65元 / 黑糖牛奶珈琲65元,黑糖牛奶珈琲,65,ok
M.1774878579.A.983,7-11,：微醉隨身搖曳杯組 309\n        \n(區域型商品請註明 試吃試用品請標示價格0元),微醉隨身搖曳杯組,309,ok
M.1774913447.A.F18,OK,：廣達香肉鬆飯糰/ 一起結帳不確定價格\n        \n(區域型商品請註明 試吃試用品請標示價格0元),廣達香肉鬆飯糰一起結帳不確定,,garbage
M.1774927529.A.740,7-11,：這不是菠蘿麵包30元,這不是菠蘿麵包,30,ok
M.1774935469.A.3A6,全家,：塔塔醬蝦排飯糰/65\n        \n(區域型商品請註明 試吃試用品請標示價格0元),塔塔醬蝦排飯糰,65,ok
M.1774939183.A.A99,7-11,：7-11 翻轉肉鬆飯糰/36元,翻轉肉鬆飯糰,36,ok
M.1774943606.A.678,7-11,：\n\n芬達汽水葡萄口味（目前一瓶27元，兩瓶特價49元）\n\n\nhttps://i.imgur.com/jiqoO10.jpeg,芬達汽水葡萄口味,,garbage
M.1774946492.A.2D7,7-11,：統一布丁-焦糖出走咘布,統一布丁焦糖出走咘布,,garbage
M.1774969371.A.9C3,全家,：厚豆腐蛋白蕈菇豬肉堡 $ 59,厚豆腐蛋白蕈菇豬肉堡$,59,ok
M.1774973137.A.318,7-11,：地中海風味雞肉麵沙拉 / 89,地中海風味雞肉麵沙拉,89,ok
M.1775008567.A.E88,全家,：橘貓款冰棒襪套\n3支冰+19元加購或6支冰免費送,橘貓款冰棒襪套冰,19,ok
M.1775011414.A.C89,7-11,：龜記 蘋果紅萱/$38\n        \n(區域型商品請註明 試吃試用品請標示價格0元),龜記蘋果紅萱,38,ok
M.1775024240.A.A09,7-11,：這不是抹茶鬆餅/39元\n        \n(區域型商品請註明 試吃試用品請標示價格0元),這不是抹茶鬆餅,39,ok
M.1774070889.A.B77,全家,：芭C檸檬綠/優惠59,芭C檸檬綠,59,ok
M.1774075270.A.A6D,全家,：全家 蟹味可樂餅風炸飯糰 42（現在有搭配指定飲品59）,蟹味可樂餅風炸飯糰,42,ok
M.1774093265.A.C01,全家,：\n   卡樂比海鹽洋芋片1000點+35元\n   東鳩超薄洋芋圈1000點+35元,卡樂比海鹽洋芋片1000點,35,ok
M.1774093265.A.C01,全家,：\n   卡樂比海鹽洋芋片1000點+35元\n   東鳩超薄洋芋圈1000點+35元,東鳩超薄洋芋圈1000點,35,ok
M.1774112122.A.263,7-11,：麻辣奶油鮮蝦義大利麵/149元,麻辣奶油鮮蝦義大利麵,149,ok
M.1774182598.A.2D2,7-11,：\n42,42,,garbage
M.1774282689.A.86F,全家,：89\n        \n(區域型商品請註明 試吃試用品請標示價格0元),89,,garbage
M.1774373781.A.22D,全家,：\n鮮蝦旬彩炊飯飯糰 $39,鮮蝦旬彩炊飯飯糰,39,ok
M.1774415451.A.884,全家,：綿柔鮮奶土司/88折25元,綿柔鮮奶土司88折,25,ok
M.1774417271.A.DB1,7-11,：光泉生乳米漿 單件新品優惠29\n        \n(區域型商品請註明 試吃試用品請標示價格0元),光泉生乳米漿單件,29,ok
M.1774440426.A.896,全家,：\n\n55元 甜點兩件六九折,甜點兩件六九折,,garbage
M.1774448156.A.C17,7-11,：\n        7-11 台韓半半炸雞便當\n        i珍食65折77元 (原價119元),i珍食65折,77,ok
M.1774459052.A.EA9,7-11,：海鮮青醬焗飯 $89\n        \n(區域型商品請註明 試吃試用品請標示價格0元),海鮮青醬焗飯,89,ok
M.1774526677.A.5B0,7-11,：蜂蜜柚子霜淇淋 49 ibon票券優惠買一送一\n        \n(區域型商品請註明 試吃試用品請標示價格0元),蜂蜜柚子霜淇淋49ibon票券一,,garbage
M.1774531437.A.038,全家,：焙韻隱山烏龍49/正男醬香烤飯糰49,焙韻隱山烏龍,49,ok
M.1774531437.A.038,全家,：焙韻隱山烏龍49/正男醬香烤飯糰49,正男醬香烤飯糰,49,ok
M.1774536090.A.2AD,全家,：青檸紅茶馬卡龍/49\n        \n(區域型商品請註明 試吃試用品請標示價格0元),青檸紅茶馬卡龍,49,ok
M.1773511696.A.C70,全家,：\n        \n(區域型商品請註明 試吃試用品請標示價格0元),,,empty
M.1773665358.A.2F5,7-11,：百吉孔雀餅乾雪糕 40\n        \n(區域型商品請註明 試吃試用品請標示價格\n\n\n0元),百吉孔雀餅乾雪糕,40,ok
M.1773672414.A.AA0,全家,：抹茶蒙布朗布丁/65 元 (活動期間八折 52 元)\n        \n(區域型商品請註明 試吃試用品請標示價格0元),抹茶蒙布朗布丁,65,ok
M.1773716255.A.35B,全家,：抹茶白玉酷繽沙$59,抹茶白玉酷繽沙,59,ok
M.1773719085.A.2D6,全家,：抹茶千層蛋糕/$59,抹茶千層蛋糕,59,ok
M.1773768495.A.CA4,7-11,：麻辣奶油鮮蝦義大利麵/149元,麻辣奶油鮮蝦義大利麵,149,ok
M.1773813683.A.113,全家,：\n        \n(區域型商品請註明 試吃試用品請標示價格0元)\n\n\n55元 甜點兩件六九折,甜點兩件六九折,,garbage
M.1773837263.A.D32,7-11,：\n油雞99 獅子頭89,油雞,99,ok
M.1773837263.A.D32,7-11,：\n油雞99 獅子頭89,獅子頭,89,ok
M.1773885437.A.E88,全家,：抹茶生巧起斯塔/$45,抹茶生巧起斯塔,45,ok
M.1773899447.A.3B8,全家,：\n巧克力雙餡Q皮雪燒55，搭咖啡半價,巧克力雙餡Q皮雪燒,55,ok
M.1773904715.A.93F,OK,：光泉優質蛋白牛奶/一起結帳忘記了\n        \n(區域型商品請註明 試吃試用品請標示價格0元),光泉優質蛋白牛奶一起結帳忘記了,,garbage
M.1773905395.A.519,全家,：伊藤園抹茶x 焦糖蘇打霜淇淋 $49,伊藤園抹茶x焦糖蘇打霜淇淋,49,ok
M.1773940900.A.DD2,全家,：巧克力雙餡Q皮雪燒 $55\n        (區域型商品請註明 試吃試用品請標示價格0元),巧克力雙餡Q皮雪燒,55,ok
M.1772756344.A.C58,7-11,：御飯糰 高雄櫻花祭 生鮭魚夾心飯糰,御飯糰高雄櫻花祭生鮭魚夾心飯糰,,garbage
M.1772783587.A.287,7-11,：半熟玉子辣擔擔義大利麵/129,半熟玉子辣擔擔義大利麵,129,ok
M.1772785322.A.CD6,全家,：\n全家Fami!ce霜淇淋 伊藤園抹茶x焦糖蘇打/原價一支49元，3/6-10 5日5好康2支55元\n        \n(區域型商品請註明 試吃試用品請,Famice霜淇淋伊藤園抹茶焦糖蘇打,49,ok
M.1772785322.A.CD6,全家,：\n全家Fami!ce霜淇淋 伊藤園抹茶x焦糖蘇打/原價一支49元，3/6-10 5日5好康2支55元\n        \n(區域型商品請註明 試吃試用品請,36105日5好康,55,ok
M.1772883941.A.566,7-11,：原萃鍋煮風味麥茶/$30,原萃鍋煮風味麥茶,30,ok
M.1772884449.A.FCD,7-11,：御飯糰 高雄櫻花祭 生鮭魚夾心飯糰\n\n: 【便利商店/廠商名稱】：7-11\n\n: 【規格/內容物/熱量】：141g 245大卡\n\n: 【評分】：6,御飯糰高雄櫻花祭生鮭魚夾心飯糰,141,ok
M.1772884449.A.FCD,7-11,：御飯糰 高雄櫻花祭 生鮭魚夾心飯糰\n\n: 【便利商店/廠商名稱】：7-11\n\n: 【規格/內容物/熱量】：141g 245大卡\n\n: 【評分】：6,大卡,60,ok
M.1772884449.A.FCD,7-11,：御飯糰 高雄櫻花祭 生鮭魚夾心飯糰\n\n: 【便利商店/廠商名稱】：7-11\n\n: 【規格/內容物/熱量】：141g 245大卡\n\n: 【評分】：6,成分表吃完了才想要PO文所以沒照片今天早餐在甜麵包跟這個之間抉擇結果一吃完就馬上來當個版PO文這個飯糰真的好鹹啊而且看成分表裡說有山葵可是我現在怎麼都沒有就只記得這個好鹹還是這是個別情況給,60,ok
M.1772891500.A.5C9,全家,：伊藤園抹茶霜淇淋 $49,伊藤園抹茶霜淇淋,49,ok
M.1772947670.A.513,7-11,：韓式辣醬鮪魚夾心吐司 40元\n        (區域型商品請註明 試吃試用品請標示價格0元),韓式辣醬鮪魚夾心吐司,40,ok
M.1773031591.A.068,全家,：抹茶霜淇淋兩支55/抹茶千層59,抹茶霜淇淋,55,ok
M.1773031591.A.068,全家,：抹茶霜淇淋兩支55/抹茶千層59,抹茶千層,59,ok
M.1773127329.A.84F,全家,：抹茶霜淇淋 49\n        \n(區域型商品請註明 試吃試用品請標示價格0元),抹茶霜淇淋,49,ok
M.1773148633.A.7E8,7-11,：\n西雅圖  蜜香咖啡紅茶、四季春拿鐵  150 買一送一,西雅圖蜜香咖啡紅茶、四季春拿鐵,150,ok
M.1773236795.A.595,7-11,：\n蝦仁鹽味炒飯飯糰 $45,蝦仁鹽味炒飯飯糰,45,ok
M.1773242736.A.E8D,7-11,：極饗蕃茄蛋湯麵 89(I珍食58）\n        \n(區域型商品請註明 試吃試用品請標示價格0元),極饗蕃茄蛋湯麵,89,ok
M.1773392764.A.E3A,全家,：全家排球少年 給我五分鐘茶包式咖啡/ 199 ；任二盒+59可加購撲\n克牌,排球少年給我五分鐘茶包式咖啡,199,ok
M.1773392764.A.E3A,全家,：全家排球少年 給我五分鐘茶包式咖啡/ 199 ；任二盒+59可加購撲\n克牌,任二,59,ok
M.1773395634.A.392,全家,：好吃雞肉便當 89元,雞肉便當,89,ok
M.1773459347.A.2CA,全家,：惡魔乳酪生義大利麵/99,惡魔乳酪生義大利麵,99,ok
M.1771933341.A.A45,7-11,：乖乖奶油椰子霜淇淋 49 ibon票券優惠買一送一\n        \n(區域型商品請註明 試吃試用品請標示價格0元),乖乖奶油椰子霜淇淋49ibon票券一,,garbage
M.1772021362.A.EF5,全家,：北海道哈密瓜霜淇淋 隨買跨店取4支98\n        \n(區域型商品請註明 試吃試用品請標示價格0元),北海道哈密瓜霜淇淋,98,ok
M.1772118249.A.9FF,全家,：贅沢巧克力x哈密瓜霜淇淋49\n冰心卡士達雙餡蛋糕49,贅沢巧克力哈密瓜霜淇淋,49,ok
M.1772118249.A.9FF,全家,：贅沢巧克力x哈密瓜霜淇淋49\n冰心卡士達雙餡蛋糕49,冰心卡士達雙餡蛋糕,49,ok
M.1772254171.A.983,全家,：可可生甜甜圈/49\n        \n(區域型商品請註明 試吃試用品請標示價格0元),可可生甜甜圈,49,ok
M.1772524515.A.2E2,7-11,：香烤魚排青醬燉飯\n  109元 i珍食*0.65,i珍食*,65,ok
M.1772633676.A.12D,7-11,：原萃鍋煮風味麥茶/$30\n\np.s 現在新上市特價是一瓶$23 兩瓶$40,原萃鍋煮風味麥茶,30,ok
M.1772633676.A.12D,7-11,：原萃鍋煮風味麥茶/$30\n\np.s 現在新上市特價是一瓶$23 兩瓶$40,ps現在是,23,ok
M.1772633676.A.12D,7-11,：原萃鍋煮風味麥茶/$30\n\np.s 現在新上市特價是一瓶$23 兩瓶$40,兩瓶,40,ok
M.1772633686.A.188,7-11,：\n叉燒豚骨拉麵/109$（友善76$）,叉燒豚骨拉麵,109,ok
M.1772683611.A.AD6,全家,：巧克力千層蛋糕/59\n        \n(區域型商品請註明 試吃試用品請標示價格0元),巧克力千層蛋糕,59,ok
M.1772706215.A.1B4,7-11,：得正 烘培烏龍奶/$39\n        \n(區域型商品請註明 試吃試用品請標示價格0元),得正烘培烏龍奶,39,ok
M.1772715803.A.8C6,7-11,：伯朗黑糖奶茶 580ml / 原價 $35/件,伯朗黑糖奶茶580ml35件,,garbage
M.1770959967.A.F0E,全家,：\n        [滷財運大吉腿油飯 129元,[滷財運大吉腿油飯,129,ok
M.1771004079.A.860,7-11,：\n星級饗宴-半筋半肉麻辣牛肉麵\n價格168台幣\n一路發,星級饗宴半筋半肉麻辣牛肉麵,168,ok
M.1771222639.A.9E2,7-11,：提拉米蘇酷聖石霜淇淋 兩支88\n\n(區域型商品請註明 試吃試用品請標示價格0元),提拉米蘇酷聖石霜淇淋,88,ok
M.1771331298.A.D02,全家,：貓貓尾巴捲蛋糕/39元\n        \n(區域型商品請註明 試吃試用品請標示價格0元),貓貓尾巴捲蛋糕,39,ok
M.1771469936.A.CB2,全家,： 黃金雙層鱈魚招財堡/75元,黃金雙層鱈魚招財堡,75,ok
M.1771503692.A.77C,全家,：北海道哈密瓜霜淇淋49\n第二支5元,北海道哈密瓜霜淇淋,49,ok
M.1771653456.A.490,全家,：Rody摺疊置物箱 69折後$276(原價$399)\n        \n(區域型商品請註明 試吃試用品請標示價格0元),Rody摺疊置物箱,69,ok
M.1771653456.A.490,全家,：Rody摺疊置物箱 69折後$276(原價$399)\n        \n(區域型商品請註明 試吃試用品請標示價格0元),折後,276,ok
M.1771671348.A.A6B,全家,：明太子乳酪起司沙拉飯糰/35x.7\n        \n(區域型商品請註明 試吃試用品請標示價格0元),明太子乳酪起司沙拉飯糰35x7,,garbage
M.1771726484.A.0F4,全家,全家 喵咪布丁風味奶油包,喵咪布丁風味奶油包,,garbage
M.1771764279.A.907,7-11,：乖乖 馬上轉運箱$199 馬上貼春聯袋$149,乖乖馬上轉運箱,199,ok
M.1771764279.A.907,7-11,：乖乖 馬上轉運箱$199 馬上貼春聯袋$149,馬上貼春聯袋,149,ok
M.1771837518.A.E2E,全家,：果漾草莓麵包/30\n        \n(區域型商品請註明 試吃試用品請標示價格0元),果漾草莓麵包,30,ok
M.1771866212.A.E78,7-11,：青醬雞絲熱壓吐司/70元,青醬雞絲熱壓吐司,70,ok
M.1771873049.A.59A,7-11,：7-11 新台味-麻油雞個人鍋 $69 65折$45,新台味麻油雞個人鍋6965折,45,ok
M.1771893061.A.EB0,7-11,：7-11香鑽水果茶,香鑽水果茶,,garbage
M.1771906960.A.CBB,7-11,：Amelie's Bagel 芝士乳酪火腿貝果/39元,Amelie'sBagel芝士乳酪火腿貝果,39,ok
M.1770477720.A.038,7-11,：法式白醬洋芋 59*0.65\n        \n(區域型商品請註明 試吃試用品請標示價格0元),法式白醬洋芋59*,65,ok
M.1770478126.A.B66,7-11,：韓式醬燉蛋 59\n        \n(區域型商品請註明 試吃試用品請標示價格0元),韓式醬燉蛋,59,ok
M.1770482117.A.0D6,7-11,：韓式辣醬起司洋芋燒 79*0.65\n        \n(區域型商品請註明 試吃試用品請標示價格0元),韓式辣醬起司洋芋燒79*,65,ok
M.1770595759.A.004,全家,：阿里山極選綜合拿鐵原價90(跨店取5杯299兌換)\n香草卡士達生甜甜圈49,阿里山極選綜合拿鐵,90,ok
M.1770595759.A.004,全家,：阿里山極選綜合拿鐵原價90(跨店取5杯299兌換)\n香草卡士達生甜甜圈49,跨店取,299,ok
M.1770595759.A.004,全家,：阿里山極選綜合拿鐵原價90(跨店取5杯299兌換)\n香草卡士達生甜甜圈49,香草卡士達生甜甜圈,49,ok
M.1770611770.A.3B9,7-11,：乖乖奶油椰子霜淇淋  49\n        \n(區域型商品請註明 試吃試用品請標示價格0元),乖乖奶油椰子霜淇淋,49,ok
M.1770646354.A.89B,萊爾富,：嘉義油飯 69\n        \n(區域型商品請註明 試吃試用品請標示價格0元),嘉義油飯,69,ok
M.1770654381.A.80F,萊爾富,：唐揚雞飯99\n        \n(區域型商品請註明 試吃試用品請標示價格0元),唐揚雞飯,99,ok
M.1770801857.A.973,全家,：贅沢巧克力霜淇淋/贅沢巧克力霜淇淋\n都49$,贅沢巧克力霜淇淋贅沢巧克力霜淇淋都,49,ok
M.1770810259.A.B41,全家,：\n\n香草可樂味雲餡泡芙/原價49友善時光35\n北海道哈密瓜x贅沢巧克力 綜合冰淇淋/原價49\n        \n(區域型商品請註明 試吃試用品請標示,香草可樂味雲餡泡芙,49,ok
M.1770810259.A.B41,全家,：\n\n香草可樂味雲餡泡芙/原價49友善時光35\n北海道哈密瓜x贅沢巧克力 綜合冰淇淋/原價49\n        \n(區域型商品請註明 試吃試用品請標示,友善時光,35,ok
M.1770810259.A.B41,全家,：\n\n香草可樂味雲餡泡芙/原價49友善時光35\n北海道哈密瓜x贅沢巧克力 綜合冰淇淋/原價49\n        \n(區域型商品請註明 試吃試用品請標示,北海道哈密瓜贅沢巧克力綜合冰淇淋,49,ok
M.1770811746.A.E9F,7-11,：天婦羅蕎麥風味湯麵 $109,天婦羅蕎麥風味湯麵,109,ok
M.1770827918.A.EF8,7-11,：開運黑糖發糕 45元\n        \n(區域型商品請註明 試吃試用品請標示價格0元),開運黑糖發糕,45,ok
M.1770871521.A.2EB,7-11,：樂事洋芋片榴槤/生啤酒 $35,樂事洋芋片榴槤生啤酒,35,ok
M.1770896914.A.33C,全家,：贅沢巧克力霜淇淋 隨買跨店取4支98\n        \n(區域型商品請註明 試吃試用品請標示價格0元),贅沢巧克力霜淇淋,98,ok
M.1770901287.A.44A,7-11,：牛肝菌菇濃湯 65 (I珍食42元)\n        \n(區域型商品請註明 試吃試用品請標示價格0元),牛肝菌菇濃湯,65,ok
M.1770952373.A.AC6,全家,：贅沢巧克力x哈密瓜霜淇淋/49元,贅沢巧克力哈密瓜霜淇淋,49,ok
M.1769857925.A.E0F,萊爾富,：\n佛跳牆 129元 惜福食堂 90元\n        \n(區域型商品請註明 試吃試用品請標示價格0元),佛跳牆,129,ok
M.1769857925.A.E0F,萊爾富,：\n佛跳牆 129元 惜福食堂 90元\n        \n(區域型商品請註明 試吃試用品請標示價格0元),惜福食堂,90,ok
M.1769885392.A.81C,7-11,：半熟玉子烤雞松露燉飯/129\n        \n(區域型商品請註明 試吃試用品請標示價格0元),半熟玉子烤雞松露燉飯,129,ok
M.1770122690.A.857,7-11,：\n59,59,,garbage
M.1770171245.A.5C0,7-11,：\n(區域型商品請註明 試吃試用品請標示價格0元)\n\n米香台菜御品佛跳牆：159元\n加賀屋-開運蒲燒鰻魚御膳：199元,米香台菜御品佛跳牆,159,ok
M.1770171245.A.5C0,7-11,：\n(區域型商品請註明 試吃試用品請標示價格0元)\n\n米香台菜御品佛跳牆：159元\n加賀屋-開運蒲燒鰻魚御膳：199元,加賀屋開運蒲燒鰻魚御膳,199,ok
M.1770175271.A.571,全家,：贅澤巧克力霜淇淋 $49,贅澤巧克力霜淇淋,49,ok
M.1770180536.A.A76,全家,：38元\n        \n(區域型商品請註明 試吃試用品請標示價格0元),38元,,garbage
M.1770190489.A.D1D,全家,：LULU豬捏捏球罐頭盲盒\n指定商品買滿168加109加購一款,指定商品買滿168加,109,ok
M.1770209980.A.B29,7-11,： 乖乖奶油椰子霜淇淋 49元\n\n(區域型商品請註明 試吃試用品請標示價格0元),乖乖奶油椰子霜淇淋,49,ok
M.1770259783.A.4B0,全家,：49，加購金湯匙18\n        \n(區域型商品請註明 試吃試用品請標示價格0元),49金湯匙,18,ok
M.1770285890.A.78C,7-11,：瓜瓜園 紫薯QQ球 49元\n        \n(區域型商品請註明 試吃試用品請標示價格0元),瓜瓜園紫薯QQ球,49,ok
M.1770354862.A.A7D,全家,： 杜老爺香菜白巧雪脆雪糕  59\n        \n(區域型商品請註明 試吃試用品請標示價格0元),杜老爺香菜白巧雪脆雪糕,59,ok
M.1770377163.A.97A,全家,全家 立頓香菜奶茶,立頓香菜奶茶,,garbage
M.1770378669.A.45B,全家,：極濃義式開心果雪糕 40 買一送一\n        \n(區域型商品請註明 試吃試用品請標示價格0元),極濃義式開心果雪糕,40,ok
M.1770471620.A.48F,7-11,：福得生活 香菜布蕾 55\n        \n(區域型商品請註明 試吃試用品請標示價格0元),福得生活香菜布蕾,55,ok
M.1770476972.A.11F,7-11,：香腸嘎香菜風味捲餅 69*0.65\n        \n(區域型商品請註明 試吃試用品請標示價格0元),香腸嘎香菜風味捲餅69*,65,ok
M.1769454205.A.A6D,7-11,：(晶華)富貴海皇羹/159元\n        \n(區域型商品請註明 試吃試用品請標示價格0元),富貴海皇羹,159,ok
M.1769483223.A.BA7,全家,： 杏仁可可蜂蜜蛋糕/45\n        \n(區域型商品請註明 試吃試用品請標示價格0元),杏仁可可蜂蜜蛋糕,45,ok
M.1769487388.A.F83,7-11,：樂事 麻油雞口味/35\n        \n(區域型商品請註明 試吃試用品請標示價格0元),樂事麻油雞,35,ok
M.1769575272.A.B3A,全家,：鮑滿福氣中華燴麵99/鮮乳坊馬鈴薯玉米濃湯55\n折5元,鮑滿福氣中華燴麵,99,ok
M.1769575272.A.B3A,全家,：鮑滿福氣中華燴麵99/鮮乳坊馬鈴薯玉米濃湯55\n折5元,鮮乳坊馬鈴薯玉米濃湯,55,ok
M.1769612697.A.096,7-11,：開心果千層塔/$55,開心果千層塔,55,ok
M.1769622809.A.1E1,萊爾富,：豬腳飯， 139元\n        \n(區域型商品請註明 試吃試用品請標示價格0元),豬腳飯,139,ok
M.1769624813.A.F3D,7-11,：鰻魚飯 139元\n        \n(區域型商品請註明 試吃試用品請標示價格0元),鰻魚飯,139,ok
M.1769774598.A.7DC,萊爾富,：果C果昔 哈瓜戀乳/$109,果C果昔哈瓜戀乳,109,ok
M.1769775601.A.4C4,7-11,：49\n        \n(區域型商品請註明 試吃試用品請標示價格0元),49,,garbage
M.1769831936.A.C50,萊爾富,：鰻魚飯 139元\n\n: 異了...飯上則是有著鰻魚的醬汁帶點微甜，會讓人一口接一口，主菜的鰻魚份量不少\n\n，?\n\n: 度偏薄，不過這價位沒什麼好嫌,鰻魚飯,139,ok
M.1769831936.A.C50,萊爾富,：鰻魚飯 139元\n\n: 異了...飯上則是有著鰻魚的醬汁帶點微甜，會讓人一口接一口，主菜的鰻魚份量不少\n\n，?\n\n: 度偏薄，不過這價位沒什麼好嫌,記得到app用點數換折價券,111,ok
M.1769856476.A.CBC,全家,：LOTTE生巧克力派-法式濃巧口味 / 原價$89 友善時光$63,LOTTE生巧克力派法式濃巧,89,ok
M.1769856476.A.CBC,全家,：LOTTE生巧克力派-法式濃巧口味 / 原價$89 友善時光$63,友善時光,63,ok
